<?xml version="1.0" encoding="UTF-8"?>
<widget xmlns="http://documentum.emc.com/2010/UI-Model" xmlns:xcp="http://documentum.emc.com/xcp/2010"
        id="levtops_remotecombobox" xtype="levtops_remotecombobox" 
        version="1.0.0000.001">

    <name>RemoteComboBox</name>
    <description>RemoteComboBox</description>
    <author email="charles.tops@emc.com">Lev Zibarev</author>

    <dependencies>
        <dependency componentId="xcp_fixed_field_width_model_mixin"/>
    </dependencies>
    
	<icon src="icons/16_wig.png" width="16" height="16"/>
    <icon src="icons/24_wig.png" width="24" height="24"/>

    <content src="content/Cburnett/widgets/RemoteComboBox.js" type="text/javascript"/>
    <content src="content/Cburnett/widgets/designer/RemoteComboBox.js" type="text/javascript" mode="design"/>
    
    <category>xcpPalette:Custom</category>

    <configuration>
    	
		<databound name="value">
			<label>Value</label>
			<type>EXPRESSION</type>
			<expression>
				<setterFunName>setValue</setterFunName>
				<contextTree>
					<include>PRIMARY_CONTEXT</include>
					<include>APP_CONTEXT</include>
					<include>WIDGET_CONTEXT</include>
					<include>DATASOURCE_OUTPUT</include>
					<include>SINGLE_OBJECT_DATA_SERVICE_OUTPUT</include>
				</contextTree>
			</expression>
		</databound>

    			
		<propertyInfo name="valueType">
			<label>Data type</label>
			<type>STRING</type>
			<defaultvalue>STRING</defaultvalue>
		</propertyInfo>
        
            			
		<propertyInfo name="fieldLabel" localizable="true">
			<label>Label</label>
			<type>STRING</type>
			<constraint>
				<validator type="maxLength" maxLength="60"/>
			</constraint>
			<required>true</required>
			<defaultvalue>Remote Books</defaultvalue>
		</propertyInfo>

	</configuration>

    <expressionProperties>
        <propertyInfo name="value">
            <label>Value</label>
            <type>STRING</type>
            <getterFun>
                <name>this.getValueFromWidget</name>
                <arguments>
                    <argument>EVALUATION_CONTEXT</argument>
                    <argument>WIDGET_ID</argument>
                    <argument>PROPERTY_ID</argument>
                </arguments>
            </getterFun>
            <changeEvents>
                <eventInfo name="change"/>
            </changeEvents>
        </propertyInfo>
    </expressionProperties>

	<methods/>

	<events/>

</widget>
